Name,Math,English,Science,Average
Charlie,50,45,60,51.666666666666664
Eva,55,60,58,57.666666666666664
