Name,Math,English,Science,Average
Alice,90,85,78,84.33333333333333
Bob,70,65,80,71.66666666666667
Charlie,50,45,60,51.666666666666664
David,88,92,95,91.66666666666667
Eva,55,60,58,57.666666666666664
